campaignId,campaignName,dateHourMinute,eventName,sessions
(not set),(referral),202302021555,general_mql,1
(not set),(referral),202302031529,general_mql,1
(not set),(referral),202302041416,general_mql,1
(not set),(referral),202302051509,general_mql,1
(not set),(referral),202302051510,general_mql,1
(not set),(referral),202302052119,general_mql,1
(not set),(referral),202302062154,general_mql,1
(not set),(referral),202302081349,general_mql,1
(not set),(referral),202302081444,general_mql,1
(not set),(referral),202302091327,general_mql,1
(not set),(referral),202302091329,general_mql,1
(not set),(referral),202302091535,general_mql,1
(not set),(referral),202302091540,general_mql,1
(not set),(referral),202302092141,general_mql,1
(not set),(referral),202302100914,general_mql,1
(not set),(referral),202302101359,general_mql,1
(not set),(referral),202302112313,general_mql,1
(not set),(referral),202302130812,general_mql,1
(not set),(referral),202302131620,general_mql,1
(not set),(referral),202302141551,general_mql,1
(not set),(referral),202302141822,general_mql,1
(not set),(referral),202302151222,general_mql,1
(not set),(referral),202302160115,general_mql,1
(not set),(referral),202302161326,general_mql,1
(not set),(referral),202302161511,general_mql,1
(not set),(referral),202302170730,general_mql,1
(not set),(referral),202302171102,general_mql,1
(not set),(referral),202302171703,general_mql,1
(not set),(referral),202302171706,general_mql,1
(not set),(referral),202302172034,general_mql,1
(not set),(referral),202302201412,general_mql,1
(not set),(referral),202302201848,general_mql,1
(not set),(referral),202302210912,general_mql,1
(not set),(referral),202302211130,general_mql,1
(not set),(referral),202302221237,general_mql,1
(not set),(referral),202302230932,general_mql,1
(not set),(referral),202302242320,general_mql,1
(not set),(referral),202302242321,general_mql,1
(not set),(referral),202302261139,general_mql,1
(not set),(referral),202302270753,general_mql,1
(not set),(referral),202302271340,general_mql,1
(not set),(referral),202302271505,general_mql,1
(not set),(referral),202302271743,general_mql,1
(not set),(referral),202302281207,general_mql,1
(not set),(referral),202303010853,general_mql,1
(not set),(referral),202303011005,general_mql,1
(not set),(referral),202303021736,general_mql,1
(not set),(referral),202303031025,general_mql,1
(not set),(referral),202303031244,general_mql,1
(not set),(referral),202303071646,general_mql,1
(not set),(referral),202303072035,general_mql,1
(not set),(referral),202303080747,general_mql,1
(not set),(referral),202303080749,general_mql,1
(not set),(referral),202303092305,general_mql,1
(not set),(referral),202303092308,general_mql,1
(not set),(referral),202303112126,general_mql,1
(not set),(referral),202303140831,general_mql,1
(not set),(referral),202303141211,general_mql,1
(not set),(referral),202303141607,general_mql,1
(not set),(referral),202303160750,general_mql,1
(not set),(referral),202303161048,general_mql,1
(not set),(referral),202303161605,general_mql,1
(not set),(referral),202303171040,general_mql,1
(not set),(referral),202303171041,general_mql,1
(not set),(referral),202303171042,general_mql,1
(not set),(referral),202303171424,general_mql,1
(not set),(referral),202303171527,general_mql,1
(not set),(referral),202303171529,general_mql,1
(not set),(referral),202303191202,general_mql,1
(not set),(referral),202303200938,general_mql,1
(not set),(referral),202303201607,general_mql,1
(not set),(referral),202303211107,general_mql,1
(not set),(referral),202303221332,general_mql,1
(not set),(referral),202303221333,general_mql,1
(not set),(referral),202303221334,general_mql,1
(not set),(referral),202303221605,general_mql,1
(not set),(referral),202303231148,general_mql,1
(not set),(referral),202303271225,general_mql,1
(not set),(referral),202303271242,general_mql,1
(not set),(referral),202303271247,general_mql,1
(not set),(referral),202303271256,general_mql,1
(not set),(referral),202303271809,general_mql,1
(not set),(referral),202303271822,general_mql,1
(not set),(referral),202303280500,general_mql,1
(not set),(referral),202303281142,general_mql,1
(not set),(referral),202303281400,general_mql,1
(not set),(referral),202303281452,general_mql,1
(not set),(referral),202303281631,general_mql,1
(not set),(referral),202303290734,general_mql,1
(not set),(referral),202303291203,general_mql,1
(not set),(referral),202303291338,general_mql,1
(not set),(referral),202303291339,general_mql,1
(not set),(referral),202303291521,general_mql,1
(not set),(referral),202303291539,general_mql,1
(not set),(referral),202303291700,general_mql,1
(not set),(referral),202303291730,general_mql,1
(not set),(referral),202303300847,general_mql,1
(not set),(referral),202303301125,general_mql,1
(not set),(referral),202303301519,general_mql,1
(not set),(referral),202303301520,general_mql,1
(not set),(referral),202303301643,general_mql,1
(not set),(referral),202303301705,general_mql,1
(not set),(referral),202303311703,general_mql,1
(not set),(referral),202304030955,general_mql,1
(not set),(referral),202304032327,general_mql,1
(not set),(referral),202304041223,general_mql,1
(not set),(referral),202304051010,general_mql,1
(not set),(referral),202304051215,general_mql,1
(not set),(referral),202304060940,general_mql,1
(not set),(referral),202304060941,general_mql,1
(not set),(referral),202304061450,general_mql,1
(not set),(referral),202304061805,general_mql,1
(not set),(referral),202304100911,general_mql,1
(not set),(referral),202304110126,general_mql,1
(not set),(referral),202304110127,general_mql,1
(not set),(referral),202304110614,general_mql,1
(not set),(referral),202304111128,general_mql,1
(not set),(referral),202304120926,general_mql,1
(not set),(referral),202304120937,general_mql,1
(not set),(referral),202304121043,general_mql,1
(not set),(referral),202304122223,general_mql,1
(not set),(referral),202304132158,general_mql,1
(not set),(referral),202304141633,general_mql,1
(not set),(referral),202304151641,general_mql,1
(not set),(referral),202304151654,general_mql,1
(not set),(referral),202304161936,general_mql,1
(not set),(referral),202304180815,general_mql,1
(not set),(referral),202304181032,general_mql,1
(not set),(referral),202304181240,general_mql,1
(not set),(referral),202304190027,general_mql,1
(not set),(referral),202304191033,general_mql,1
(not set),(referral),202304191034,general_mql,1
(not set),(referral),202304210411,general_mql,1
(not set),(referral),202304211324,general_mql,1
(not set),(referral),202304211334,general_mql,1
(not set),(referral),202304241649,general_mql,1
(not set),(referral),202304241651,general_mql,1
(not set),(referral),202304241713,general_mql,1
(not set),(referral),202304241714,general_mql,1
(not set),(referral),202304241716,general_mql,1
(not set),(referral),202304241717,general_mql,1
(not set),(referral),202304251337,general_mql,1
(not set),(referral),202304251434,general_mql,1
(not set),(referral),202304261713,general_mql,1
(not set),(referral),202304271511,general_mql,1
(not set),(referral),202304280901,general_mql,1
(not set),(referral),202304281605,general_mql,1
(not set),(referral),202304281725,general_mql,1
(not set),(referral),202305021022,general_mql,1
(not set),(referral),202305030713,general_mql,1
(not set),(referral),202305030714,general_mql,1
(not set),(referral),202305030952,general_mql,1
(not set),(referral),202305031252,general_mql,1
(not set),(referral),202305032352,general_mql,1
(not set),(referral),202305041409,general_mql,1
(not set),(referral),202305050818,general_mql,1
(not set),(referral),202305050857,general_mql,1
(not set),(referral),202305051103,general_mql,1
(not set),(referral),202305051104,general_mql,1
(not set),(referral),202305051108,general_mql,1
(not set),(referral),202305051109,general_mql,1
(not set),(referral),202305051345,general_mql,1
(not set),(referral),202305051620,general_mql,1
(not set),(referral),202305072012,general_mql,1
(not set),(referral),202305090756,general_mql,1
(not set),(referral),202305092059,general_mql,1
(not set),(referral),202305101108,general_mql,1
(not set),(referral),202305101411,general_mql,1
(not set),(referral),202305101452,general_mql,1
(not set),(referral),202305101715,general_mql,1
(not set),(referral),202305101729,general_mql,1
(not set),(referral),202305102158,general_mql,1
(not set),(referral),202305110716,general_mql,1
(not set),(referral),202305110815,general_mql,1
(not set),(referral),202305111045,general_mql,1
(not set),(referral),202305111047,general_mql,1
(not set),(referral),202305111554,general_mql,1
(not set),(referral),202305120946,general_mql,1
(not set),(referral),202305121437,general_mql,1
(not set),(referral),202305150717,general_mql,1
(not set),(referral),202305150936,general_mql,1
(not set),(referral),202305160825,general_mql,1
(not set),(referral),202305160920,general_mql,1
(not set),(referral),202305161411,general_mql,1
(not set),(referral),202305161436,general_mql,1
(not set),(referral),202305161442,general_mql,1
(not set),(referral),202305161444,general_mql,1
(not set),(referral),202305170736,general_mql,1
(not set),(referral),202305171126,general_mql,1
(not set),(referral),202305171143,general_mql,1
(not set),(referral),202305171644,general_mql,1
(not set),(referral),202305200357,general_mql,1
(not set),(referral),202305200358,general_mql,1
(not set),(referral),202305210308,general_mql,1
(not set),(referral),202305211029,general_mql,1
(not set),(referral),202305220216,general_mql,1
(not set),(referral),202305220250,general_mql,1
(not set),(referral),202305220251,general_mql,1
(not set),(referral),202305220900,general_mql,1
(not set),(referral),202305220940,general_mql,1
(not set),(referral),202305221933,general_mql,1
(not set),(referral),202305231123,general_mql,1
(not set),(referral),202305231224,general_mql,1
(not set),(referral),202305231545,general_mql,1
(not set),(referral),202305241108,general_mql,1
(not set),(referral),202305241436,general_mql,1
(not set),(referral),202305241536,general_mql,1
(not set),(referral),202305251230,general_mql,1
(not set),(referral),202305252029,general_mql,1
(not set),(referral),202305252038,general_mql,1
(not set),(referral),202305260820,general_mql,1
(not set),(referral),202305260821,general_mql,1
(not set),(referral),202305272132,general_mql,1
(not set),(referral),202305272151,general_mql,1
(not set),(referral),202305291253,general_mql,1
(not set),(referral),202305291621,general_mql,1
(not set),(referral),202305301344,general_mql,1
(not set),(referral),202305301408,general_mql,1
(not set),(referral),202305302259,general_mql,1
(not set),(referral),202305302300,general_mql,1
(not set),(referral),202305310705,general_mql,1
(not set),(referral),202305311101,general_mql,1
(not set),(referral),202305311124,general_mql,1
(not set),(referral),202305311558,general_mql,1
(not set),(referral),202305311608,general_mql,1
(not set),(referral),202306011133,general_mql,1
(not set),(referral),202306011134,general_mql,1
(not set),(referral),202306011507,general_mql,1
(not set),(referral),202306012216,general_mql,1
(not set),(referral),202306020829,general_mql,1
(not set),(referral),202306021214,general_mql,1
(not set),(referral),202306041441,general_mql,1
(not set),(referral),202306041720,general_mql,1
(not set),(referral),202306051740,general_mql,1
(not set),(referral),202306051758,general_mql,1
(not set),(referral),202306052330,general_mql,1
(not set),(referral),202306060944,general_mql,1
(not set),(referral),202306061448,general_mql,1
(not set),(referral),202306062329,general_mql,1
(not set),(referral),202306070748,general_mql,1
(not set),(referral),202306082217,general_mql,1
(not set),(referral),202306092012,general_mql,1
(not set),(referral),202306092230,general_mql,1
(not set),(referral),202306111425,general_mql,1
(not set),(referral),202306112200,general_mql,1
(not set),(referral),202306121112,general_mql,1
(not set),(referral),202306121311,general_mql,1
(not set),(referral),202306121410,general_mql,1
(not set),(referral),202306121855,general_mql,1
(not set),(referral),202306121857,general_mql,1
(not set),(referral),202306131038,general_mql,1
(not set),(referral),202306131325,general_mql,1
(not set),(referral),202306131635,general_mql,1
(not set),(referral),202306131904,general_mql,1
(not set),(referral),202306132334,general_mql,1
(not set),(referral),202306132335,general_mql,1
(not set),(referral),202306140849,general_mql,1
(not set),(referral),202306141049,general_mql,1
(not set),(referral),202306141215,general_mql,1
(not set),(referral),202306141511,general_mql,1
(not set),(referral),202306141642,general_mql,1
(not set),(referral),202306141726,general_mql,1
(not set),(referral),202306152010,general_mql,1
(not set),(referral),202306161015,general_mql,1
(not set),(referral),202306182134,general_mql,1
(not set),(referral),202306190903,general_mql,1
(not set),(referral),202306191529,general_mql,1
(not set),(referral),202306191530,general_mql,1
(not set),(referral),202306191715,general_mql,1
(not set),(referral),202306191731,general_mql,1
(not set),(referral),202306200734,general_mql,1
(not set),(referral),202306201225,general_mql,1
(not set),(referral),202306201637,general_mql,1
(not set),(referral),202306211206,general_mql,1
(not set),(referral),202306211255,general_mql,1
(not set),(referral),202306211447,general_mql,1
(not set),(referral),202306211518,general_mql,1
(not set),(referral),202306211751,general_mql,1
(not set),(referral),202306212047,general_mql,1
(not set),(referral),202306220215,general_mql,1
(not set),(referral),202306241621,general_mql,1
(not set),(referral),202306241622,general_mql,1
(not set),(referral),202306261153,general_mql,1
(not set),(referral),202306261309,general_mql,1
(not set),(referral),202306290845,general_mql,1
(not set),(referral),202306291226,general_mql,1
(not set),(referral),202306301004,general_mql,1
(not set),(referral),202306301500,general_mql,1
(not set),(referral),202306301502,general_mql,1
(not set),(referral),202307011234,general_mql,1
(not set),(referral),202307011236,general_mql,1
(not set),(referral),202307011237,general_mql,1
(not set),(referral),202307021645,general_mql,1
(not set),(referral),202307030849,general_mql,1
(not set),(referral),202307031039,general_mql,1
(not set),(referral),202307031918,general_mql,1
(not set),(referral),202307041440,general_mql,1
(not set),(referral),202307051400,general_mql,1
(not set),(referral),202307051510,general_mql,1
(not set),(referral),202307051515,general_mql,1
(not set),(referral),202307061833,general_mql,1
(not set),(referral),202307061844,general_mql,1
(not set),(referral),202307071521,general_mql,1
(not set),(referral),202307071901,general_mql,1
(not set),(referral),202307101630,general_mql,1
(not set),(referral),202307101756,general_mql,1
(not set),(referral),202307101758,general_mql,1
(not set),(referral),202307111403,general_mql,1
(not set),(referral),202307120031,general_mql,1
(not set),(referral),202307120035,general_mql,1
(not set),(referral),202307121033,general_mql,1
(not set),(referral),202307122332,general_mql,1
(not set),(referral),202307122333,general_mql,1
(not set),(referral),202307131557,general_mql,1
(not set),(referral),202307131735,general_mql,1
(not set),(referral),202307140607,general_mql,1
(not set),(referral),202307140805,general_mql,1
(not set),(referral),202307170750,general_mql,1
(not set),(referral),202307170751,general_mql,1
(not set),(referral),202307171244,general_mql,1
(not set),(referral),202307171246,general_mql,1
(not set),(referral),202307171248,general_mql,1
(not set),(referral),202307172011,general_mql,1
(not set),(referral),202307180811,general_mql,1
(not set),(referral),202307181030,general_mql,1
(not set),(referral),202307190558,general_mql,1
(not set),(referral),202307211201,general_mql,1
(not set),(referral),202307220047,general_mql,1
(not set),(referral),202307221556,general_mql,1
(not set),(referral),202307221705,general_mql,1
(not set),(referral),202307222047,general_mql,1
(not set),(referral),202307241249,general_mql,1
(not set),(referral),202307241429,general_mql,1
(not set),(referral),202307241443,general_mql,1
(not set),(referral),202307241444,general_mql,1
(not set),(referral),202307241706,general_mql,1
(not set),(referral),202307241708,general_mql,1
(not set),(referral),202307250926,general_mql,1
(not set),(referral),202307251000,general_mql,1
(not set),(referral),202307252126,general_mql,1
(not set),(referral),202307270954,general_mql,1
(not set),(referral),202307271021,general_mql,1
(not set),(referral),202307271037,general_mql,1
(not set),(referral),202307291114,general_mql,1
(not set),(referral),202308021105,general_mql,1
(not set),(referral),202308030843,general_mql,1
(not set),(referral),202308030844,general_mql,1
(not set),(referral),202308041009,general_mql,1
(not set),(referral),202308071258,general_mql,1
(not set),(referral),202308081603,general_mql,1
(not set),(referral),202308081604,general_mql,1
(not set),(referral),202308082001,general_mql,1
(not set),(referral),202308091900,general_mql,1
(not set),(referral),202308101154,general_mql,1
(not set),(referral),202308101244,general_mql,1
(not set),(referral),202308101245,general_mql,1
(not set),(referral),202308111651,general_mql,1
(not set),(referral),202308121749,general_mql,1
(not set),(referral),202308121750,general_mql,1
(not set),(referral),202308141437,general_mql,1
(not set),(referral),202308142004,general_mql,1
(not set),(referral),202308142005,general_mql,1
(not set),(referral),202308142006,general_mql,1
(not set),(referral),202308142008,general_mql,1
(not set),(referral),202308142100,general_mql,1
(not set),(referral),202308151145,general_mql,1
(not set),(referral),202308151650,general_mql,1
(not set),(referral),202308161027,general_mql,1
(not set),(referral),202308161053,general_mql,1
(not set),(referral),202308161131,general_mql,1
(not set),(referral),202308161133,general_mql,1
(not set),(referral),202308161153,general_mql,1
(not set),(referral),202308171729,general_mql,1
(not set),(referral),202308171843,general_mql,1
(not set),(referral),202308180932,general_mql,1
(not set),(referral),202308181639,general_mql,1
(not set),(referral),202308181856,general_mql,1
(not set),(referral),202308210757,general_mql,1
(not set),(referral),202308211013,general_mql,1
(not set),(referral),202308211436,general_mql,1
(not set),(referral),202308211548,general_mql,1
(not set),(referral),202308220919,general_mql,1
(not set),(referral),202308220920,general_mql,1
(not set),(referral),202308221238,general_mql,1
(not set),(referral),202308221316,general_mql,1
(not set),(referral),202308221547,general_mql,1
(not set),(referral),202308221637,general_mql,1
(not set),(referral),202308231436,general_mql,1
(not set),(referral),202308241207,general_mql,1
(not set),(referral),202308250741,general_mql,1
(not set),(referral),202308251356,general_mql,1
(not set),(referral),202308251358,general_mql,1
(not set),(referral),202308251709,general_mql,1
(not set),(referral),202308271432,general_mql,1
(not set),(referral),202308281129,general_mql,1
(not set),(referral),202308281220,general_mql,1
(not set),(referral),202308290931,general_mql,1
(not set),(referral),202308290954,general_mql,1
(not set),(referral),202308291043,general_mql,1
(not set),(referral),202308291314,general_mql,1
(not set),(referral),202308301701,general_mql,1
(not set),(referral),202308311407,general_mql,1
(not set),(referral),202308311532,general_mql,1
(not set),(referral),202308311546,general_mql,1
(not set),(referral),202308312057,general_mql,1
(not set),(referral),202309011330,general_mql,1
(not set),(referral),202309022108,general_mql,1
(not set),(referral),202309022218,general_mql,1
(not set),(referral),202309022233,general_mql,1
(not set),(referral),202309040020,general_mql,1
(not set),(referral),202309040349,general_mql,1
(not set),(referral),202309040350,general_mql,1
(not set),(referral),202309041119,general_mql,1
(not set),(referral),202309050913,general_mql,1
(not set),(referral),202309051234,general_mql,1
(not set),(referral),202309051526,general_mql,1
(not set),(referral),202309052131,general_mql,1
(not set),(referral),202309061554,general_mql,1
(not set),(referral),202309061622,general_mql,1
(not set),(referral),202309071302,general_mql,1
(not set),(referral),202309071656,general_mql,1
(not set),(referral),202309080854,general_mql,1
(not set),(referral),202309081038,general_mql,1
(not set),(referral),202309081059,general_mql,1
(not set),(referral),202309081924,general_mql,1
(not set),(referral),202309082054,general_mql,1
(not set),(referral),202309082101,general_mql,1
(not set),(referral),202309082319,general_mql,1
(not set),(referral),202309091137,general_mql,1
(not set),(referral),202309091201,general_mql,1
(not set),(referral),202309102208,general_mql,1
(not set),(referral),202309110718,general_mql,1
(not set),(referral),202309111035,general_mql,1
(not set),(referral),202309111059,general_mql,1
(not set),(referral),202309111106,general_mql,1
(not set),(referral),202309111152,general_mql,1
(not set),(referral),202309112000,general_mql,1
(not set),(referral),202309141104,general_mql,1
(not set),(referral),202309141105,general_mql,1
(not set),(referral),202309141609,general_mql,1
(not set),(referral),202309141620,general_mql,1
(not set),(referral),202309151047,general_mql,1
(not set),(referral),202309151048,general_mql,1
(not set),(referral),202309151348,general_mql,1
(not set),(referral),202309170029,general_mql,1
(not set),(referral),202309171855,general_mql,1
(not set),(referral),202309181149,general_mql,1
(not set),(referral),202309181200,general_mql,1
(not set),(referral),202309181307,general_mql,1
(not set),(referral),202309190140,general_mql,1
(not set),(referral),202309191215,general_mql,1
(not set),(referral),202309191225,general_mql,1
(not set),(referral),202309191229,general_mql,1
(not set),(referral),202309191543,general_mql,1
(not set),(referral),202309191603,general_mql,1
(not set),(referral),202309191620,general_mql,1
(not set),(referral),202309201148,general_mql,1
(not set),(referral),202309201313,general_mql,1
(not set),(referral),202309210849,general_mql,1
(not set),(referral),202309210907,general_mql,1
(not set),(referral),202309211447,general_mql,1
(not set),(referral),202309211656,general_mql,1
(not set),(referral),202309221112,general_mql,1
(not set),(referral),202309221427,general_mql,1
(not set),(referral),202309221929,general_mql,1
(not set),(referral),202309221931,general_mql,1
(not set),(referral),202309241159,general_mql,1
(not set),(referral),202309241421,general_mql,1
(not set),(referral),202309250919,general_mql,1
(not set),(referral),202309261055,general_mql,1
(not set),(referral),202309261156,general_mql,1
(not set),(referral),202309261240,general_mql,1
(not set),(referral),202309261244,general_mql,1
(not set),(referral),202309261245,general_mql,1
(not set),(referral),202309261931,general_mql,1
(not set),(referral),202309270733,general_mql,1
(not set),(referral),202309270935,general_mql,1
(not set),(referral),202309270947,general_mql,1
(not set),(referral),202309271000,general_mql,1
(not set),(referral),202309271423,general_mql,1
(not set),(referral),202309271429,general_mql,1
(not set),(referral),202309271605,general_mql,1
(not set),(referral),202309271632,general_mql,1
(not set),(referral),202309271633,general_mql,1
(not set),(referral),202309280657,general_mql,1
(not set),(referral),202309280723,general_mql,1
(not set),(referral),202309280936,general_mql,1
(not set),(referral),202309281350,general_mql,1
(not set),(referral),202309281546,general_mql,1
(not set),(referral),202309281548,general_mql,1
(not set),(referral),202309290723,general_mql,1
(not set),(referral),202309291353,general_mql,1
(not set),(referral),202309291354,general_mql,1
(not set),(referral),202309291409,general_mql,1
(not set),(referral),202309291414,general_mql,1
(not set),(referral),202309291416,general_mql,1
(not set),(referral),202309301132,general_mql,1
(not set),(referral),202309301133,general_mql,1
(not set),(referral),202310021458,general_mql,1
(not set),(referral),202310021504,general_mql,1
(not set),(referral),202310021847,general_mql,1
(not set),(referral),202310031122,general_mql,1
(not set),(referral),202310031133,general_mql,1
(not set),(referral),202310031137,general_mql,1
(not set),(referral),202310031141,general_mql,1
(not set),(referral),202310031209,general_mql,1
(not set),(referral),202310032215,general_mql,1
(not set),(referral),202310050236,general_mql,1
(not set),(referral),202310051110,general_mql,1
(not set),(referral),202310051507,general_mql,1
(not set),(referral),202310052155,general_mql,1
(not set),(referral),202310060801,general_mql,1
(not set),(referral),202310060821,general_mql,1
(not set),(referral),202310061217,general_mql,1
(not set),(referral),202310061301,general_mql,1
(not set),(referral),202310090908,general_mql,1
(not set),(referral),202310091019,general_mql,1
(not set),(referral),202310091229,general_mql,1
(not set),(referral),202310101009,general_mql,1
(not set),(referral),202310110319,general_mql,1
(not set),(referral),202310110852,general_mql,1
(not set),(referral),202310111408,general_mql,1
(not set),(referral),202310111518,general_mql,1
(not set),(referral),202310120916,general_mql,1
(not set),(referral),202310120935,general_mql,1
(not set),(referral),202310121329,general_mql,1
(not set),(referral),202310121420,general_mql,1
(not set),(referral),202310121421,general_mql,1
(not set),(referral),202310121721,general_mql,1
(not set),(referral),202310121950,general_mql,1
(not set),(referral),202310130828,general_mql,1
(not set),(referral),202310131128,general_mql,1
(not set),(referral),202310131202,general_mql,1
(not set),(referral),202310141235,general_mql,1
(not set),(referral),202310150425,general_mql,1
(not set),(referral),202310150426,general_mql,1
(not set),(referral),202310161158,general_mql,1
(not set),(referral),202310161213,general_mql,1
(not set),(referral),202310171948,general_mql,1
(not set),(referral),202310172026,general_mql,1
(not set),(referral),202310180940,general_mql,1
(not set),(referral),202310181724,general_mql,1
(not set),(referral),202310181856,general_mql,1
(not set),(referral),202310181953,general_mql,1
(not set),(referral),202310182256,general_mql,1
(not set),(referral),202310191304,general_mql,1
(not set),(referral),202310191342,general_mql,1
(not set),(referral),202310191417,general_mql,1
(not set),(referral),202310192045,general_mql,1
(not set),(referral),202310192046,general_mql,1
(not set),(referral),202310201337,general_mql,1
(not set),(referral),202310221706,general_mql,1
(not set),(referral),202310231147,general_mql,1
(not set),(referral),202310232117,general_mql,1
(not set),(referral),202310241549,general_mql,1
(not set),(referral),202310242321,general_mql,1
(not set),(referral),202310242339,general_mql,1
(not set),(referral),202310250952,general_mql,1
(not set),(referral),202310260922,general_mql,1
(not set),(referral),202310300650,general_mql,1
(not set),(referral),202310301036,general_mql,1
(not set),(referral),202310310929,general_mql,1
(not set),(referral),202311011239,general_mql,1
(not set),(referral),202311021112,general_mql,1
(not set),(referral),202311021953,general_mql,1
(not set),(referral),202311022346,general_mql,1
(not set),(referral),202311061043,general_mql,1
(not set),(referral),202311070004,general_mql,1
(not set),(referral),202311081613,general_mql,1
(not set),(referral),202311131047,general_mql,1
(not set),(referral),202311131753,general_mql,1
(not set),(referral),202311141720,general_mql,1
(not set),(referral),202311150721,general_mql,1
(not set),(referral),202311151357,general_mql,1
(not set),(referral),202311152222,general_mql,1
(not set),(referral),202311170926,general_mql,1
(not set),(referral),202311171427,general_mql,1
(not set),(referral),202311200814,general_mql,1
(not set),(referral),202311201227,general_mql,1
(not set),(referral),202311211947,general_mql,1
(not set),(referral),202311231039,general_mql,1
(not set),(referral),202311240501,general_mql,1
(not set),(referral),202311241612,general_mql,1
(not set),(referral),202312051118,general_mql,1
(not set),(referral),202312061229,general_mql,1
(not set),(referral),202312161533,general_mql,1
(not set),(referral),202401081423,general_mql,1
(not set),(referral),202401081443,general_mql,1
(not set),(referral),202401081752,general_mql,1
(not set),(referral),202401082030,general_mql,1
(not set),(referral),202401090735,general_mql,1
(not set),(referral),202401110711,general_mql,1
(not set),(referral),202401112039,general_mql,1
(not set),(referral),202401121022,general_mql,1
(not set),(referral),202401121023,general_mql,1
(not set),(referral),202401121309,general_mql,1
(not set),(referral),202401171111,general_mql,1
(not set),(referral),202401171115,general_mql,1
(not set),(referral),202401172244,general_mql,1
(not set),(referral),202401190748,general_mql,1
(not set),(referral),202401201919,general_mql,1
(not set),(referral),202401221114,general_mql,1
(not set),(referral),202401230735,general_mql,1
(not set),(referral),202401240140,general_mql,1
(not set),(referral),202401240735,general_mql,1
(not set),(referral),202401251445,general_mql,1
(not set),(referral),202401271200,general_mql,1
(not set),(referral),202401291731,general_mql,1
(not set),(referral),202401301023,general_mql,1
(not set),(referral),202401301024,general_mql,1
(not set),(referral),202401301328,general_mql,1
(not set),(referral),202401301332,general_mql,1
(not set),(referral),202401311121,general_mql,1
(not set),(referral),202402021129,general_mql,1
(not set),(referral),202402022013,general_mql,1
(not set),(referral),202402022127,general_mql,1
(not set),(referral),202402030227,general_mql,1
(not set),(referral),202402031613,general_mql,1
(not set),(referral),202402031836,general_mql,1
(not set),(referral),202402051140,general_mql,1
(not set),(referral),202402051454,general_mql,1
(not set),(referral),202402052002,general_mql,1
(not set),(referral),202402061730,general_mql,1
(not set),(referral),202402071510,general_mql,1
(not set),(referral),202402071626,general_mql,1
(not set),(referral),202402071816,general_mql,1
(not set),(referral),202402080015,general_mql,1
(not set),(referral),202402091036,general_mql,1
(not set),(referral),202402091041,general_mql,1
(not set),(referral),202402091102,general_mql,1
(not set),(referral),202402091535,general_mql,1
(not set),(referral),202402091616,general_mql,1
(not set),(referral),202402091822,general_mql,1
(not set),(referral),202402100920,general_mql,1
(not set),(referral),202402100921,general_mql,1
(not set),(referral),202402100922,general_mql,1
(not set),(referral),202402100923,general_mql,1
(not set),(referral),202402100924,general_mql,1
(not set),(referral),202402100925,general_mql,1
(not set),(referral),202402100926,general_mql,1
(not set),(referral),202402100931,general_mql,1
(not set),(referral),202402121405,general_mql,1
(not set),(referral),202402121731,general_mql,1
(not set),(referral),202402131044,general_mql,1
(not set),(referral),202402131303,general_mql,1
(not set),(referral),202402141115,general_mql,1
(not set),(referral),202402141119,general_mql,1
(not set),(referral),202402141405,general_mql,1
(not set),(referral),202402151116,general_mql,1
(not set),(referral),202402151130,general_mql,1
(not set),(referral),202402151132,general_mql,1
(not set),(referral),202402151157,general_mql,1
(not set),(referral),202402151314,general_mql,1
(not set),(referral),202402151323,general_mql,1
(not set),(referral),202402151422,general_mql,1
(not set),(referral),202402151759,general_mql,1
(not set),(referral),202402152004,general_mql,1
(not set),(referral),202402152107,general_mql,1
(not set),(referral),202402160821,general_mql,1
(not set),(referral),202402160843,general_mql,1
(not set),(referral),202402160848,general_mql,1
(not set),(referral),202402161137,general_mql,1
(not set),(referral),202402161456,general_mql,1
(not set),(referral),202402161457,general_mql,1
(not set),(referral),202402181128,general_mql,1
(not set),(referral),202402191042,general_mql,1
(not set),(referral),202402191525,general_mql,1
(not set),(referral),202402191925,general_mql,1
(not set),(referral),202402192247,general_mql,1
(not set),(referral),202402200804,general_mql,1
(not set),(referral),202402200837,general_mql,1
(not set),(referral),202402201252,general_mql,1
(not set),(referral),202402201254,general_mql,1
(not set),(referral),202402201255,general_mql,1
(not set),(referral),202402201256,general_mql,1
(not set),(referral),202402201257,general_mql,1
(not set),(referral),202402201300,general_mql,1
(not set),(referral),202402201438,general_mql,1
(not set),(referral),202402211404,general_mql,1
(not set),(referral),202402211405,general_mql,1
(not set),(referral),202402211429,general_mql,1
(not set),(referral),202402221039,general_mql,1
(not set),(referral),202402221049,general_mql,1
(not set),(referral),202402221706,general_mql,1
(not set),(referral),202402221952,general_mql,1
(not set),(referral),202402230927,general_mql,1
(not set),(referral),202402230947,general_mql,1
(not set),(referral),202402231153,general_mql,1
(not set),(referral),202402231155,general_mql,1
(not set),(referral),202402250930,general_mql,1
(not set),(referral),202402261451,general_mql,1
(not set),(referral),202402261452,general_mql,1
(not set),(referral),202402261453,general_mql,1
(not set),(referral),202402261457,general_mql,1
(not set),(referral),202402261459,general_mql,1
(not set),(referral),202402261656,general_mql,1
(not set),(referral),202402261720,general_mql,1
(not set),(referral),202402262014,general_mql,1
(not set),(referral),202402270832,general_mql,1
(not set),(referral),202402270931,general_mql,1
(not set),(referral),202402270932,general_mql,1
(not set),(referral),202402271123,general_mql,1
(not set),(referral),202402271124,general_mql,1
(not set),(referral),202402271149,general_mql,1
(not set),(referral),202402271238,general_mql,1
(not set),(referral),202402271545,general_mql,1
(not set),(referral),202402271859,general_mql,1
(not set),(referral),202402280814,general_mql,1
(not set),(referral),202402281003,general_mql,1
(not set),(referral),202402281113,general_mql,1
(not set),(referral),202402281130,general_mql,1
(not set),(referral),202402281141,general_mql,1
(not set),(referral),202402281229,general_mql,1
(not set),(referral),202402281231,general_mql,1
(not set),(referral),202402282011,general_mql,1
(not set),(referral),202402291101,general_mql,1
(not set),(referral),202402291407,general_mql,1
(not set),(referral),202402291505,general_mql,1
(not set),(referral),202402291739,general_mql,1
(not set),(referral),202403010757,general_mql,1
(not set),(referral),202403011020,general_mql,1
(not set),(referral),202403011044,general_mql,1
(not set),(referral),202403011250,general_mql,1
(not set),(referral),202403021315,general_mql,1
(not set),(referral),202403041115,general_mql,1
(not set),(referral),202403051148,general_mql,1
(not set),(referral),202403061257,general_mql,1
(not set),(referral),202403061808,general_mql,1
(not set),(referral),202403062235,general_mql,1
(not set),(referral),202403081034,general_mql,1
(not set),(referral),202403082106,general_mql,1
(not set),(referral),202403112025,general_mql,1
(not set),(referral),202403112029,general_mql,1
(not set),(referral),202403120227,general_mql,1
(not set),(referral),202403131008,general_mql,1
(not set),(referral),202403131110,general_mql,1
(not set),(referral),202403131151,general_mql,1
(not set),(referral),202403131257,general_mql,1
(not set),(referral),202403141314,general_mql,1
(not set),(referral),202403141345,general_mql,1
(not set),(referral),202403151202,general_mql,1
(not set),(referral),202403151203,general_mql,1
(not set),(referral),202403151204,general_mql,1
(not set),(referral),202403151205,general_mql,1
(not set),(referral),202403151213,general_mql,1
(not set),(referral),202403151238,general_mql,1
(not set),(referral),202403162229,general_mql,1
(not set),(referral),202403171235,general_mql,1
(not set),(referral),202403180806,general_mql,1
(not set),(referral),202403181253,general_mql,1
(not set),(referral),202403181350,general_mql,1
(not set),(referral),202403181419,general_mql,1
(not set),(referral),202403181423,general_mql,1
(not set),(referral),202403181816,general_mql,1
(not set),(referral),202403191039,general_mql,1
(not set),(referral),202403191148,general_mql,1
(not set),(referral),202403191149,general_mql,1
(not set),(referral),202403191155,general_mql,1
(not set),(referral),202403191157,general_mql,1
(not set),(referral),202403191158,general_mql,1
(not set),(referral),202403191203,general_mql,1
(not set),(referral),202403191320,general_mql,1
(not set),(referral),202403191357,general_mql,1
(not set),(referral),202403191358,general_mql,1
(not set),(referral),202403191400,general_mql,1
(not set),(referral),202403191518,general_mql,1
(not set),(referral),202403192323,general_mql,1
(not set),(referral),202403201228,general_mql,1
(not set),(referral),202403201459,general_mql,1
(not set),(referral),202403211234,general_mql,1
(not set),(referral),202403211705,general_mql,1
(not set),(referral),202403221231,general_mql,1
(not set),(referral),202403222033,general_mql,1
(not set),(referral),202403231536,general_mql,1
(not set),(referral),202403231709,general_mql,1
(not set),(referral),202403241404,general_mql,1
(not set),(referral),202403251527,general_mql,1
(not set),(referral),202403251549,general_mql,1
(not set),(referral),202403261516,general_mql,1
(not set),(referral),202403271252,general_mql,1
(not set),(referral),202403272107,general_mql,1
(not set),(referral),202403280714,general_mql,1
(not set),(referral),202403290726,general_mql,1
(not set),(referral),202403291027,general_mql,1
(not set),(referral),202403291132,general_mql,1
(not set),(referral),202403291819,general_mql,1
(not set),(referral),202403292100,general_mql,1
(not set),(referral),202403292259,general_mql,1
(not set),(referral),202403301502,general_mql,1
(not set),(referral),202404011658,general_mql,1
(not set),(referral),202404021148,general_mql,1
(not set),(referral),202404021353,general_mql,1
(not set),(referral),202404021354,general_mql,1
(not set),(referral),202404021405,general_mql,1
(not set),(referral),202403181056,general_mql,2
(not set),(direct),202302131657,general_mql,1
(not set),(direct),202302140941,general_mql,1
(not set),(direct),202302211222,general_mql,1
(not set),(direct),202303101059,general_mql,1
(not set),(direct),202303262002,general_mql,1
(not set),(direct),202303262019,general_mql,1
(not set),(direct),202303290644,general_mql,1
(not set),(direct),202303290838,general_mql,1
(not set),(direct),202303291016,general_mql,1
(not set),(direct),202304040854,general_mql,1
(not set),(direct),202304121644,general_mql,1
(not set),(direct),202304121648,general_mql,1
(not set),(direct),202304121650,general_mql,1
(not set),(direct),202304191557,general_mql,1
(not set),(direct),202304241922,general_mql,1
(not set),(direct),202305031121,general_mql,1
(not set),(direct),202305191026,general_mql,1
(not set),(direct),202305221341,general_mql,1
(not set),(direct),202305232100,general_mql,1
(not set),(direct),202306132145,general_mql,1
(not set),(direct),202306161059,general_mql,1
(not set),(direct),202307062139,general_mql,1
(not set),(direct),202307101933,general_mql,1
(not set),(direct),202307120742,general_mql,1
(not set),(direct),202307130414,general_mql,1
(not set),(direct),202307140507,general_mql,1
(not set),(direct),202307161131,general_mql,1
(not set),(direct),202307161134,general_mql,1
(not set),(direct),202307161135,general_mql,1
(not set),(direct),202307171349,general_mql,1
(not set),(direct),202307240827,general_mql,1
(not set),(direct),202308031058,general_mql,1
(not set),(direct),202308031115,general_mql,1
(not set),(direct),202308031116,general_mql,1
(not set),(direct),202308091517,general_mql,1
(not set),(direct),202308091524,general_mql,1
(not set),(direct),202308091533,general_mql,1
(not set),(direct),202308251153,general_mql,1
(not set),(direct),202308251157,general_mql,1
(not set),(direct),202308251240,general_mql,1
(not set),(direct),202308251726,general_mql,1
(not set),(direct),202308281310,general_mql,1
(not set),(direct),202308281343,general_mql,1
(not set),(direct),202308281549,general_mql,1
(not set),(direct),202308281550,general_mql,1
(not set),(direct),202308290959,general_mql,1
(not set),(direct),202308291303,general_mql,1
(not set),(direct),202308291314,general_mql,1
(not set),(direct),202308291659,general_mql,1
(not set),(direct),202309041027,general_mql,1
(not set),(direct),202309082019,general_mql,1
(not set),(direct),202309082028,general_mql,1
(not set),(direct),202309082029,general_mql,1
(not set),(direct),202309151210,general_mql,1
(not set),(direct),202309151211,general_mql,1
(not set),(direct),202309221559,general_mql,1
(not set),(direct),202309221604,general_mql,1
(not set),(direct),202309261006,general_mql,1
(not set),(direct),202309271334,general_mql,1
(not set),(direct),202309272023,general_mql,1
(not set),(direct),202309272029,general_mql,1
(not set),(direct),202309281021,general_mql,1
(not set),(direct),202309281319,general_mql,1
(not set),(direct),202310011054,general_mql,1
(not set),(direct),202310021013,general_mql,1
(not set),(direct),202310021346,general_mql,1
(not set),(direct),202310030842,general_mql,1
(not set),(direct),202310031526,general_mql,1
(not set),(direct),202310040933,general_mql,1
(not set),(direct),202310040934,general_mql,1
(not set),(direct),202310040936,general_mql,1
(not set),(direct),202310040955,general_mql,1
(not set),(direct),202310041108,general_mql,1
(not set),(direct),202310041233,general_mql,1
(not set),(direct),202310041420,general_mql,1
(not set),(direct),202310071420,general_mql,1
(not set),(direct),202310081420,general_mql,1
(not set),(direct),202310090822,general_mql,1
(not set),(direct),202310090848,general_mql,1
(not set),(direct),202310091420,general_mql,1
(not set),(direct),202310101952,general_mql,1
(not set),(direct),202310102210,general_mql,1
(not set),(direct),202310111402,general_mql,1
(not set),(direct),202310131402,general_mql,1
(not set),(direct),202310171402,general_mql,1
(not set),(direct),202310171951,general_mql,1
(not set),(direct),202310181402,general_mql,1
(not set),(direct),202310181615,general_mql,1
(not set),(direct),202310192124,general_mql,1
(not set),(direct),202310201412,general_mql,1
(not set),(direct),202310202004,general_mql,1
(not set),(direct),202310211402,general_mql,1
(not set),(direct),202310231402,general_mql,1
(not set),(direct),202310251402,general_mql,1
(not set),(direct),202310261402,general_mql,1
(not set),(direct),202310291302,general_mql,1
(not set),(direct),202311012025,general_mql,1
(not set),(direct),202311012027,general_mql,1
(not set),(direct),202311012039,general_mql,1
(not set),(direct),202311012040,general_mql,1
(not set),(direct),202311012053,general_mql,1
(not set),(direct),202311012106,general_mql,1
(not set),(direct),202311031302,general_mql,1
(not set),(direct),202311041302,general_mql,1
(not set),(direct),202311051302,general_mql,1
(not set),(direct),202311081302,general_mql,1
(not set),(direct),202311111302,general_mql,1
(not set),(direct),202311120156,general_mql,1
(not set),(direct),202311131302,general_mql,1
(not set),(direct),202311131318,general_mql,1
(not set),(direct),202311141316,general_mql,1
(not set),(direct),202311151302,general_mql,1
(not set),(direct),202311161302,general_mql,1
(not set),(direct),202311171302,general_mql,1
(not set),(direct),202311181302,general_mql,1
(not set),(direct),202311191302,general_mql,1
(not set),(direct),202311211302,general_mql,1
(not set),(direct),202311251302,general_mql,1
(not set),(direct),202311261302,general_mql,1
(not set),(direct),202311271115,general_mql,1
(not set),(direct),202311271302,general_mql,1
(not set),(direct),202311281302,general_mql,1
(not set),(direct),202312071216,general_mql,1
(not set),(direct),202312131019,general_mql,1
(not set),(direct),202312131020,general_mql,1
(not set),(direct),202312131021,general_mql,1
(not set),(direct),202312131832,general_mql,1
(not set),(direct),202312171302,general_mql,1
(not set),(direct),202312171305,general_mql,1
(not set),(direct),202312171342,general_mql,1
(not set),(direct),202312171346,general_mql,1
(not set),(direct),202312181115,general_mql,1
(not set),(direct),202312181413,general_mql,1
(not set),(direct),202312181535,general_mql,1
(not set),(direct),202312191619,general_mql,1
(not set),(direct),202312211529,general_mql,1
(not set),(direct),202312212117,general_mql,1
(not set),(direct),202312212135,general_mql,1
(not set),(direct),202312271515,general_mql,1
(not set),(direct),202401101537,general_mql,1
(not set),(direct),202401101538,general_mql,1
(not set),(direct),202401101544,general_mql,1
(not set),(direct),202401101549,general_mql,1
(not set),(direct),202401101551,general_mql,1
(not set),(direct),202401101552,general_mql,1
(not set),(direct),202401101553,general_mql,1
(not set),(direct),202401101555,general_mql,1
(not set),(direct),202401101556,general_mql,1
(not set),(direct),202401101558,general_mql,1
(not set),(direct),202402051737,general_mql,1
(not set),(direct),202402091142,general_mql,1
(not set),(direct),202402091259,general_mql,1
(not set),(direct),202402091323,general_mql,1
(not set),(direct),202402091443,general_mql,1
(not set),(direct),202402091535,general_mql,1
(not set),(direct),202402121807,general_mql,1
(not set),(direct),202402141713,general_mql,1
(not set),(direct),202402141719,general_mql,1
(not set),(direct),202402141722,general_mql,1
(not set),(direct),202402142015,general_mql,1
(not set),(direct),202402151342,general_mql,1
(not set),(direct),202402151343,general_mql,1
(not set),(direct),202402151349,general_mql,1
(not set),(direct),202402151435,general_mql,1
(not set),(direct),202402151447,general_mql,1
(not set),(direct),202402161020,general_mql,1
(not set),(direct),202402161026,general_mql,1
(not set),(direct),202402161234,general_mql,1
(not set),(direct),202402200808,general_mql,1
(not set),(direct),202402201905,general_mql,1
(not set),(direct),202402221332,general_mql,1
(not set),(direct),202402240855,general_mql,1
(not set),(direct),202402270934,general_mql,1
(not set),(direct),202402291639,general_mql,1
(not set),(direct),202403011254,general_mql,1
(not set),(direct),202403041035,general_mql,1
(not set),(direct),202403041037,general_mql,1
(not set),(direct),202403041042,general_mql,1
(not set),(direct),202403041054,general_mql,1
(not set),(direct),202403071438,general_mql,1
(not set),(direct),202403111750,general_mql,1
(not set),(direct),202403201525,general_mql,1
(not set),(direct),202403220340,general_mql,1
(not set),(direct),202403220818,general_mql,1
(not set),(direct),202403220823,general_mql,1
(not set),(direct),202403221136,general_mql,1
(not set),(direct),202403230550,general_mql,1
(not set),(direct),202403251543,general_mql,1
(not set),(direct),202403261510,general_mql,1
(not set),(direct),202403261602,general_mql,1
(not set),(direct),202403310844,general_mql,1
(not set),(direct),202404021620,general_mql,1
(not set),(organic),202302101047,general_mql,1
(not set),(organic),202302141551,general_mql,1
(not set),(organic),202302171703,general_mql,1
(not set),(organic),202302260952,general_mql,1
(not set),(organic),202302271058,general_mql,1
(not set),(organic),202302281207,general_mql,1
(not set),(organic),202303081158,general_mql,1
(not set),(organic),202303160750,general_mql,1
(not set),(organic),202303160954,general_mql,1
(not set),(organic),202303161056,general_mql,1
(not set),(organic),202303271809,general_mql,1
(not set),(organic),202303290704,general_mql,1
(not set),(organic),202303291203,general_mql,1
(not set),(organic),202303291700,general_mql,1
(not set),(organic),202304021604,general_mql,1
(not set),(organic),202304041307,general_mql,1
(not set),(organic),202304052047,general_mql,1
(not set),(organic),202304081137,general_mql,1
(not set),(organic),202304202335,general_mql,1
(not set),(organic),202304251337,general_mql,1
(not set),(organic),202304261044,general_mql,1
(not set),(organic),202304261046,general_mql,1
(not set),(organic),202304261136,general_mql,1
(not set),(organic),202304281725,general_mql,1
(not set),(organic),202305031541,general_mql,1
(not set),(organic),202305031708,general_mql,1
(not set),(organic),202305061145,general_mql,1
(not set),(organic),202305061146,general_mql,1
(not set),(organic),202305090756,general_mql,1
(not set),(organic),202305101411,general_mql,1
(not set),(organic),202305121042,general_mql,1
(not set),(organic),202305121111,general_mql,1
(not set),(organic),202305121128,general_mql,1
(not set),(organic),202305121130,general_mql,1
(not set),(organic),202305151100,general_mql,1
(not set),(organic),202305152135,general_mql,1
(not set),(organic),202305152136,general_mql,1
(not set),(organic),202305152139,general_mql,1
(not set),(organic),202305152212,general_mql,1
(not set),(organic),202305241131,general_mql,1
(not set),(organic),202305241132,general_mql,1
(not set),(organic),202305251214,general_mql,1
(not set),(organic),202305291744,general_mql,1
(not set),(organic),202305291745,general_mql,1
(not set),(organic),202305301344,general_mql,1
(not set),(organic),202305301930,general_mql,1
(not set),(organic),202306011019,general_mql,1
(not set),(organic),202306011507,general_mql,1
(not set),(organic),202306020150,general_mql,1
(not set),(organic),202306031150,general_mql,1
(not set),(organic),202306051755,general_mql,1
(not set),(organic),202306070901,general_mql,1
(not set),(organic),202306071040,general_mql,1
(not set),(organic),202306091309,general_mql,1
(not set),(organic),202306091316,general_mql,1
(not set),(organic),202306091321,general_mql,1
(not set),(organic),202306111055,general_mql,1
(not set),(organic),202306111114,general_mql,1
(not set),(organic),202306141049,general_mql,1
(not set),(organic),202306231401,general_mql,1
(not set),(organic),202306241521,general_mql,1
(not set),(organic),202306241522,general_mql,1
(not set),(organic),202306272055,general_mql,1
(not set),(organic),202306272057,general_mql,1
(not set),(organic),202307041440,general_mql,1
(not set),(organic),202307091156,general_mql,1
(not set),(organic),202307091202,general_mql,1
(not set),(organic),202307111403,general_mql,1
(not set),(organic),202307130136,general_mql,1
(not set),(organic),202307180811,general_mql,1
(not set),(organic),202307261309,general_mql,1
(not set),(organic),202307261756,general_mql,1
(not set),(organic),202307270954,general_mql,1
(not set),(organic),202307281332,general_mql,1
(not set),(organic),202308011106,general_mql,1
(not set),(organic),202308021208,general_mql,1
(not set),(organic),202308030818,general_mql,1
(not set),(organic),202308101154,general_mql,1
(not set),(organic),202308101244,general_mql,1
(not set),(organic),202308101245,general_mql,1
(not set),(organic),202308141219,general_mql,1
(not set),(organic),202308142216,general_mql,1
(not set),(organic),202308142307,general_mql,1
(not set),(organic),202308161053,general_mql,1
(not set),(organic),202308221238,general_mql,1
(not set),(organic),202308221547,general_mql,1
(not set),(organic),202309082054,general_mql,1
(not set),(organic),202309082101,general_mql,1
(not set),(organic),202309112000,general_mql,1
(not set),(organic),202309161613,general_mql,1
(not set),(organic),202309161727,general_mql,1
(not set),(organic),202309170029,general_mql,1
(not set),(organic),202309190140,general_mql,1
(not set),(organic),202309190753,general_mql,1
(not set),(organic),202309191442,general_mql,1
(not set),(organic),202309191756,general_mql,1
(not set),(organic),202309201355,general_mql,1
(not set),(organic),202309210947,general_mql,1
(not set),(organic),202309210949,general_mql,1
(not set),(organic),202309210950,general_mql,1
(not set),(organic),202309250555,general_mql,1
(not set),(organic),202309261055,general_mql,1
(not set),(organic),202309261156,general_mql,1
(not set),(organic),202309261240,general_mql,1
(not set),(organic),202309261244,general_mql,1
(not set),(organic),202309261245,general_mql,1
(not set),(organic),202309261550,general_mql,1
(not set),(organic),202309270947,general_mql,1
(not set),(organic),202309271350,general_mql,1
(not set),(organic),202309271605,general_mql,1
(not set),(organic),202309281546,general_mql,1
(not set),(organic),202309281548,general_mql,1
(not set),(organic),202309291353,general_mql,1
(not set),(organic),202309291354,general_mql,1
(not set),(organic),202309291409,general_mql,1
(not set),(organic),202309291414,general_mql,1
(not set),(organic),202309291416,general_mql,1
(not set),(organic),202310011051,general_mql,1
(not set),(organic),202310011544,general_mql,1
(not set),(organic),202310091019,general_mql,1
(not set),(organic),202310091229,general_mql,1
(not set),(organic),202310110852,general_mql,1
(not set),(organic),202310121839,general_mql,1
(not set),(organic),202310150951,general_mql,1
(not set),(organic),202310241442,general_mql,1
(not set),(organic),202310302104,general_mql,1
(not set),(organic),202311091254,general_mql,1
(not set),(organic),202311131826,general_mql,1
(not set),(organic),202311192257,general_mql,1
(not set),(organic),202311211947,general_mql,1
(not set),(organic),202311231039,general_mql,1
(not set),(organic),202311262138,general_mql,1
(not set),(organic),202401190748,general_mql,1
(not set),(organic),202401230735,general_mql,1
(not set),(organic),202402021954,general_mql,1
(not set),(organic),202402131044,general_mql,1
(not set),(organic),202402151037,general_mql,1
(not set),(organic),202402152004,general_mql,1
(not set),(organic),202402152305,general_mql,1
(not set),(organic),202402191042,general_mql,1
(not set),(organic),202402191343,general_mql,1
(not set),(organic),202402200804,general_mql,1
(not set),(organic),202402201252,general_mql,1
(not set),(organic),202402201254,general_mql,1
(not set),(organic),202402201255,general_mql,1
(not set),(organic),202402201256,general_mql,1
(not set),(organic),202402201257,general_mql,1
(not set),(organic),202402201300,general_mql,1
(not set),(organic),202402201438,general_mql,1
(not set),(organic),202402220615,general_mql,1
(not set),(organic),202402282011,general_mql,1
(not set),(organic),202402291825,general_mql,1
(not set),(organic),202402291826,general_mql,1
(not set),(organic),202402291828,general_mql,1
(not set),(organic),202402291852,general_mql,1
(not set),(organic),202402291853,general_mql,1
(not set),(organic),202402291910,general_mql,1
(not set),(organic),202403011250,general_mql,1
(not set),(organic),202403061257,general_mql,1
(not set),(organic),202403061808,general_mql,1
(not set),(organic),202403070836,general_mql,1
(not set),(organic),202403082047,general_mql,1
(not set),(organic),202403111240,general_mql,1
(not set),(organic),202403160732,general_mql,1
(not set),(organic),202403181416,general_mql,1
(not set),(organic),202403182120,general_mql,1
(not set),(organic),202403191104,general_mql,1
(not set),(organic),202403191357,general_mql,1
(not set),(organic),202403191358,general_mql,1
(not set),(organic),202403191400,general_mql,1
(not set),(organic),202403210836,general_mql,1
(not set),(organic),202403211513,general_mql,1
(not set),(organic),202403221734,general_mql,1
(not set),(organic),202403231536,general_mql,1
(not set),(organic),202403231709,general_mql,1
(not set),(organic),202403241404,general_mql,1
(not set),(organic),202403251226,general_mql,1
(not set),(organic),202403271338,general_mql,1
(not set),(organic),202403271342,general_mql,1
(not set),(organic),202403271356,general_mql,1
(not set),(organic),202403271546,general_mql,1
(not set),(organic),202403291132,general_mql,1
(not set),(organic),202403301502,general_mql,1
(not set),(organic),202404011616,general_mql,1
(not set),Welcome emails flow,202309112000,general_mql,1
(not set),Welcome emails flow,202402071626,general_mql,1
(not set),Welcome emails flow,202402091036,general_mql,1
(not set),Welcome emails flow,202402091041,general_mql,1
(not set),Welcome emails flow,202402091102,general_mql,1
(not set),Welcome emails flow,202402091616,general_mql,1
(not set),Welcome emails flow,202402141115,general_mql,1
(not set),Welcome emails flow,202402161456,general_mql,1
(not set),Welcome emails flow,202402161457,general_mql,1
(not set),en_wevs_feb,202304030847,general_mql,1
17207660116,GER_Search_GEN,202302130136,general_mql,1
17207660116,GER_Search_GEN,202302151222,general_mql,1
17207660116,GER_Search_GEN,202302180208,general_mql,1
17207660116,GER_Search_GEN,202302200943,general_mql,1
17207660116,GER_Search_GEN,202302281207,general_mql,1
17207660116,GER_Search_GEN,202303021736,general_mql,1
17207660116,GER_Search_GEN,202303091018,general_mql,1
17207660116,GER_Search_GEN,202303161057,general_mql,1
17207660116,GER_Search_GEN,202303191202,general_mql,1
17207660116,GER_Search_GEN,202303221605,general_mql,1
17207660116,GER_Search_GEN,202303271048,general_mql,1
17207660116,GER_Search_GEN,202303271716,general_mql,1
17207660116,GER_Search_GEN,202303271809,general_mql,1
17207660116,GER_Search_GEN,202303281142,general_mql,1
17207660116,GER_Search_GEN,202303290704,general_mql,1
17207660116,GER_Search_GEN,202303300728,general_mql,1
17207660116,GER_Search_GEN,202303311011,general_mql,1
17207660116,GER_Search_GEN,202304031412,general_mql,1
17207660116,GER_Search_GEN,202304041516,general_mql,1
17207660116,GER_Search_GEN,202304051210,general_mql,1
17207660116,GER_Search_GEN,202304121043,general_mql,1
17207660116,GER_Search_GEN,202304141633,general_mql,1
17207660116,GER_Search_GEN,202304221308,general_mql,1
17207660116,GER_Search_GEN,202304221309,general_mql,1
17207660116,GER_Search_GEN,202304251337,general_mql,1
17207660116,GER_Search_GEN,202304261044,general_mql,1
17207660116,GER_Search_GEN,202304261046,general_mql,1
17207660116,GER_Search_GEN,202304261136,general_mql,1
17207660116,GER_Search_GEN,202305031708,general_mql,1
17207660116,GER_Search_GEN,202305061145,general_mql,1
17207660116,GER_Search_GEN,202305061146,general_mql,1
17207660116,GER_Search_GEN,202305102102,general_mql,1
17207660116,GER_Search_GEN,202306061410,general_mql,1
17207660116,GER_Search_GEN,202306120908,general_mql,1
17207660116,GER_Search_GEN,202306171125,general_mql,1
17207660116,GER_Search_GEN,202306201008,general_mql,1
17207660116,GER_Search_GEN,202306212047,general_mql,1
17207660116,GER_Search_GEN,202306241521,general_mql,1
17207660116,GER_Search_GEN,202306241522,general_mql,1
17207660116,GER_Search_GEN,202306260943,general_mql,1
17207660116,GER_Search_GEN,202306261153,general_mql,1
17207660116,GER_Search_GEN,202307041440,general_mql,1
17207660116,GER_Search_GEN,202307100908,general_mql,1
17207660116,GER_Search_GEN,202307120031,general_mql,1
17207660116,GER_Search_GEN,202307120035,general_mql,1
17207660116,GER_Search_GEN,202307171023,general_mql,1
17207660116,GER_Search_GEN,202307281332,general_mql,1
17207660116,GER_Search_GEN,202308011106,general_mql,1
17207660116,GER_Search_GEN,202308030818,general_mql,1
17207660116,GER_Search_GEN,202308040453,general_mql,1
17207660116,GER_Search_GEN,202308142216,general_mql,1
17207660116,GER_Search_GEN,202308142307,general_mql,1
17207660116,GER_Search_GEN,202308171051,general_mql,1
17207660116,GER_Search_GEN,202309081109,general_mql,1
17207660116,GER_Search_GEN,202309091747,general_mql,1
17207660116,GER_Search_GEN,202309181116,general_mql,1
17207660116,GER_Search_GEN,202310121839,general_mql,1
17207660116,GER_Search_GEN,202310150951,general_mql,1
17207660116,GER_Search_GEN,202310262159,general_mql,1
17207660116,GER_Search_GEN,202311070853,general_mql,1
17207660116,GER_Search_GEN,202311111135,general_mql,1
17207660116,GER_Search_GEN,202311111143,general_mql,1
17207660116,GER_Search_GEN,202311120354,general_mql,1
17207660116,GER_Search_GEN,202311170926,general_mql,1
17207660116,GER_Search_GEN,202311241155,general_mql,1
17207660116,GER_Search_GEN,202311262138,general_mql,1
17207660116,GER_Search_GEN,202401141219,general_mql,1
17207660116,GER_Search_GEN,202401170936,general_mql,1
17207660116,GER_Search_GEN,202401231445,general_mql,1
17207660116,GER_Search_GEN,202402031836,general_mql,1
17207660116,GER_Search_GEN,202402121534,general_mql,1
17207660116,GER_Search_GEN,202402121535,general_mql,1
17207660116,GER_Search_GEN,202402152305,general_mql,1
17207660116,GER_Search_GEN,202402181224,general_mql,1
17207660116,GER_Search_GEN,202402281017,general_mql,1
17207660116,GER_Search_GEN,202402281019,general_mql,1
17207660116,GER_Search_GEN,202403031952,general_mql,1
17207660116,GER_Search_GEN,202403082047,general_mql,1
17207660116,GER_Search_GEN,202403181416,general_mql,1
17207660116,GER_Search_GEN,202403201107,general_mql,1
17207660116,GER_Search_GEN,202403231709,general_mql,1
17207660116,GER_Search_GEN,202403241404,general_mql,1
17207660116,GER_Search_GEN,202403251549,general_mql,1
17207660116,GER_Search_GEN,202404011616,general_mql,1
17207660116,GER_Search_GEN,202404021354,general_mql,1
17207660116,GER_Search_GEN,202404021723,general_mql,1
17207660104,AT_Search_Brand,202302021555,general_mql,1
17207660104,AT_Search_Brand,202302161326,general_mql,1
17207660104,AT_Search_Brand,202303291203,general_mql,1
17207660107,GER_Search_Brand,202304261136,general_mql,1
17207660107,GER_Search_Brand,202305100757,general_mql,1
17207660107,GER_Search_Brand,202305221311,general_mql,1
17207660107,GER_Search_Brand,202306141049,general_mql,1
17207660107,GER_Search_Brand,202308181639,general_mql,1
17207660107,GER_Search_Brand,202309082038,general_mql,1
17207660107,GER_Search_Brand,202309082054,general_mql,1
17207660107,GER_Search_Brand,202309082101,general_mql,1
17207660107,GER_Search_Brand,202309112000,general_mql,1
17207660107,GER_Search_Brand,202309280723,general_mql,1
17207660107,GER_Search_Brand,202310301036,general_mql,1
17207660107,GER_Search_Brand,202312051118,general_mql,1
17207660107,GER_Search_Brand,202312061229,general_mql,1
17207660107,GER_Search_Brand,202401121309,general_mql,1
17207660107,GER_Search_Brand,202401170936,general_mql,1
17207660107,GER_Search_Brand,202402291825,general_mql,1
17207660107,GER_Search_Brand,202402291826,general_mql,1
17207660107,GER_Search_Brand,202402291828,general_mql,1
17207660107,GER_Search_Brand,202402291852,general_mql,1
17207660107,GER_Search_Brand,202402291853,general_mql,1
17207660107,GER_Search_Brand,202402291910,general_mql,1
17207660107,GER_Search_Brand,202403271338,general_mql,1
17207660107,GER_Search_Brand,202403271342,general_mql,1
17207660107,GER_Search_Brand,202403271356,general_mql,1
17207660113,AT_Search_GEN,202302101047,general_mql,1
17207660113,AT_Search_GEN,202302121331,general_mql,1
17207660113,AT_Search_GEN,202302161326,general_mql,1
17207660113,AT_Search_GEN,202302171703,general_mql,1
17207660113,AT_Search_GEN,202303061129,general_mql,1
17207660113,AT_Search_GEN,202303081158,general_mql,1
17207660113,AT_Search_GEN,202304021604,general_mql,1
17207660113,AT_Search_GEN,202304052047,general_mql,1
17207660113,AT_Search_GEN,202304231607,general_mql,1
17207660113,AT_Search_GEN,202304260951,general_mql,1
17207660113,AT_Search_GEN,202304281733,general_mql,1
17207660113,AT_Search_GEN,202304282006,general_mql,1
17207660113,AT_Search_GEN,202305090756,general_mql,1
17207660113,AT_Search_GEN,202305161128,general_mql,1
17207660113,AT_Search_GEN,202306011019,general_mql,1
17207660113,AT_Search_GEN,202306272055,general_mql,1
17207660113,AT_Search_GEN,202306272057,general_mql,1
17207660113,AT_Search_GEN,202307181030,general_mql,1
17207660113,AT_Search_GEN,202307261756,general_mql,1
17207660113,AT_Search_GEN,202308090950,general_mql,1
17207660113,AT_Search_GEN,202308212158,general_mql,1
17207660113,AT_Search_GEN,202308221238,general_mql,1
17207660113,AT_Search_GEN,202308221316,general_mql,1
17207660113,AT_Search_GEN,202309102208,general_mql,1
17207660113,AT_Search_GEN,202309111035,general_mql,1
17207660113,AT_Search_GEN,202309201355,general_mql,1
17207660113,AT_Search_GEN,202310192008,general_mql,1
17207660113,AT_Search_GEN,202311211947,general_mql,1
17207660113,AT_Search_GEN,202401230735,general_mql,1
17207660113,AT_Search_GEN,202402180834,general_mql,1
17207660113,AT_Search_GEN,202403101935,general_mql,1
17207660113,AT_Search_GEN,202403180914,general_mql,1
17207660113,AT_Search_GEN,202403281155,general_mql,1
17207660113,AT_Search_GEN,202403291132,general_mql,1
17207660119,CH_Search_GEN,202302032052,general_mql,1
17207660119,CH_Search_GEN,202303191344,general_mql,1
17207660119,CH_Search_GEN,202304181032,general_mql,1
17207660119,CH_Search_GEN,202304210411,general_mql,1
17207660119,CH_Search_GEN,202305020900,general_mql,1
17207660119,CH_Search_GEN,202305301344,general_mql,1
17207660119,CH_Search_GEN,202305301930,general_mql,1
17207660119,CH_Search_GEN,202306111952,general_mql,1
17207660119,CH_Search_GEN,202306112200,general_mql,1
17207660119,CH_Search_GEN,202306140755,general_mql,1
17207660119,CH_Search_GEN,202306150752,general_mql,1
17207660119,CH_Search_GEN,202306152010,general_mql,1
17207660119,CH_Search_GEN,202307200824,general_mql,1
17207660119,CH_Search_GEN,202308141219,general_mql,1
17207660119,CH_Search_GEN,202309210947,general_mql,1
17207660119,CH_Search_GEN,202309210949,general_mql,1
17207660119,CH_Search_GEN,202309210950,general_mql,1
17207660119,CH_Search_GEN,202309231253,general_mql,1
17207660119,CH_Search_GEN,202309231717,general_mql,1
17207660119,CH_Search_GEN,202309250129,general_mql,1
17207660119,CH_Search_GEN,202309251117,general_mql,1
17207660119,CH_Search_GEN,202311231301,general_mql,1
17207660119,CH_Search_GEN,202401190748,general_mql,1
17207660119,CH_Search_GEN,202402191343,general_mql,1
17207660119,CH_Search_GEN,202403061330,general_mql,1
17207660119,CH_Search_GEN,202403182120,general_mql,1
17207660119,CH_Search_GEN,202403211513,general_mql,1
19241574714,ES_Search_GEN,202303160954,general_mql,1
19241574714,ES_Search_GEN,202303161056,general_mql,1
19241574714,ES_Search_GEN,202304291138,general_mql,1
19241574714,ES_Search_GEN,202305031541,general_mql,1
19241574714,ES_Search_GEN,202306031150,general_mql,1
19241574714,ES_Search_GEN,202306111055,general_mql,1
19241574714,ES_Search_GEN,202306111114,general_mql,1
19241574714,ES_Search_GEN,202307130136,general_mql,1
19241574714,ES_Search_GEN,202307261309,general_mql,1
19241574714,ES_Search_GEN,202311131826,general_mql,1
19241574714,ES_Search_GEN,202402160848,general_mql,1
19241574714,ES_Search_GEN,202402270100,general_mql,1
19241574714,ES_Search_GEN,202402282011,general_mql,1
19241574714,ES_Search_GEN,202403231212,general_mql,1
21008415118,EU_EN_SmartDisplay,202403191357,general_mql,1
21008415118,EU_EN_SmartDisplay,202403191358,general_mql,1
21008415118,EU_EN_SmartDisplay,202403191400,general_mql,1
21037015170,EU_Search_GEN_EN,202402220615,general_mql,1
21037015170,EU_Search_GEN_EN,202402221455,general_mql,1
21037015170,EU_Search_GEN_EN,202402221456,general_mql,1
21037015170,EU_Search_GEN_EN,202402281143,general_mql,1
21037015170,EU_Search_GEN_EN,202403181416,general_mql,1
21037015170,EU_Search_GEN_EN,202403200708,general_mql,1
21037015170,EU_Search_GEN_EN,202403200808,general_mql,1
21037015170,EU_Search_GEN_EN,202403220123,general_mql,1
21037015170,EU_Search_GEN_EN,202403231259,general_mql,1
21037015170,EU_Search_GEN_EN,202403251226,general_mql,1
21037015170,EU_Search_GEN_EN,202403270531,general_mql,1
21037015170,EU_Search_GEN_EN,202403270836,general_mql,1
21037015170,EU_Search_GEN_EN,202403270900,general_mql,1
21037015170,EU_Search_GEN_EN,202403271546,general_mql,1
21037015170,EU_Search_GEN_EN,202403280649,general_mql,1
21037015170,EU_Search_GEN_EN,202403280714,general_mql,1
21037015170,EU_Search_GEN_EN,202403281013,general_mql,1
21037015170,EU_Search_GEN_EN,202403281240,general_mql,1
21037015170,EU_Search_GEN_EN,202403310921,general_mql,1
21037015170,EU_Search_GEN_EN,202404011616,general_mql,1
21037015173,EU_Search_Brand_EN,202403071358,general_mql,1
21037015173,EU_Search_Brand_EN,202403081024,general_mql,1
21037015173,EU_Search_Brand_EN,202403111240,general_mql,1
